Reference_1;-0.3627976;-1.760232;8.480002
Reference_1;-0.5742872;-1.939484;8.480002
Reference_1;-0.6061265;-1.939075;8.480002
Reference_1;-0.4719455;-2.040232;8.480002
Reference_1;-0.2487506;-2.060623;8.480002
Reference_1;-0.1085732;-2.225095;8.480002
Reference_1;-0.03640131;-2.225929;8.480002
Reference_1;-0.03444165;-2.233842;8.480002
Reference_1;-0.02133405;-2.197471;8.480002
Reference_1;-0.03925076;-2.303564;8.480002
Reference_1;-0.08729592;-2.277385;8.480002
Reference_1;-0.163518;-2.258245;8.480002
Reference_1;-0.1543181;-2.205263;8.480002
Reference_1;-0.1656299;-2.167499;8.480002
Reference_1;-0.1346792;-2.118245;8.480002
Reference_1;-0.2055039;-2.046003;8.480002
Reference_1;-0.2321167;-1.963251;8.480002
Reference_1;-0.2642909;-2.06728;8.480002
Reference_1;-0.2208307;-2.148875;8.480002
Reference_1;-0.3493668;-2.149468;8.480002
Reference_1;-0.5673817;-2.212608;8.480002
Reference_1;-0.4259668;-2.112732;8.480002
Reference_1;-0.2465782;-2.064278;8.480002
Reference_1;-0.1971918;-2.108036;8.480002
Reference_1;-0.266434;-2.264343;8.480002
Reference_1;-0.09187283;-2.349348;8.480002
Reference_1;0.1990256;-2.420563;8.480002
Reference_1;0.4480427;-2.365667;8.480002
Reference_1;0.4377107;-2.278314;8.480002
Reference_1;0.2189283;-2.270909;8.480002
Reference_1;0.4235931;-3.527692;8.480002
Reference_1;0.7748632;-4.072198;8.480002
Reference_1;0.4479221;-2.953046;8.480002
Reference_1;0.2209605;-1.717432;8.480002
Reference_1;0.1060948;-1.576719;8.480002
Reference_1;0.001059718;-1.597548;8.480002
Reference_1;-0.1174694;-1.546385;8.480002
Reference_1;-0.1189853;-1.572608;8.480002
Reference_1;-0.1573366;-1.696607;8.480002
Reference_1;-0.01911181;-1.772397;8.480002
Reference_1;0.717503;-2.881281;8.480002
Reference_1;0.8225663;-2.849851;8.480002
Reference_1;1.174568;-3.32193;8.480002
Reference_1;-0.01137685;-1.856934;8.480002
Reference_1;-0.3077259;-1.48915;8.480002
Reference_1;-0.4617019;-1.671167;8.480002
Reference_1;-0.679042;-1.683324;8.480002
Reference_1;-0.8392644;-1.737071;8.480002
Reference_1;-0.6977678;-1.96611;8.480002
Reference_1;-0.1780309;-1.991632;8.480002
Reference_1;0.01451408;-1.95253;8.480002
Reference_1;-0.08355231;-1.766858;8.480002
Reference_1;-0.1134396;-1.887133;8.480002
Reference_1;0.02797489;-1.857604;8.480002
Reference_1;0.1821784;-1.681341;8.480002
Reference_1;0.1514118;-1.581045;8.480002
Reference_1;0.01165885;-1.474603;8.480002
Reference_1;-0.1061628;-1.465078;8.480002
Reference_1;0.07111903;-1.587658;8.480002
Reference_1;0.175798;-1.536362;8.480002
Reference_1;-0.0923484;-1.422489;8.480002
Reference_1;-0.7437096;-1.278628;8.480002
Reference_1;-0.8542913;-1.184149;8.480002
Reference_1;-0.7957588;-1.327301;8.480002
Reference_1;-0.7449389;-1.298357;8.480002
Reference_1;-0.400167;-1.48786;8.480002
Reference_1;-0.1401391;-1.788884;8.480002
Reference_1;-0.09799268;-1.592509;8.480002
Reference_1;-0.03398603;-1.523814;8.480002
Reference_1;-0.04745108;-1.579871;8.480002
Reference_1;-0.02346847;-1.535454;8.480002
Reference_1;-0.04631644;-1.664807;8.480002
Reference_1;-0.1167476;-1.728054;8.480002
Reference_1;-0.186813;-1.737183;8.480002
Reference_1;-0.1207199;-1.863702;8.480002
Reference_1;-0.1284391;-1.869017;8.480002
Reference_1;-0.186142;-1.857209;8.480002
Reference_1;-0.291819;-1.902816;8.480002
Reference_1;-0.2122671;-1.853644;8.480002
Reference_1;-0.1682011;-1.911189;8.480002
Reference_1;-0.08465751;-2.006424;8.480002
Reference_1;-0.01023684;-2.027976;8.480002
Reference_1;0.1681887;-2.051232;8.480002
Reference_1;0.1011131;-2.019041;8.480002
Reference_1;0.04306969;-1.945379;8.480002
Reference_1;0.0763329;-1.986424;8.480002
Reference_1;0.006706083;-2.052801;8.480002
Reference_1;0.02639197;-2.002829;8.480002
Reference_1;0.01174404;-1.997458;8.480002
Reference_1;0.08751295;-2.028583;8.480002
Reference_1;0.01989491;-2.108183;8.480002
Reference_1;0.06067209;-2.042855;8.480002
Reference_1;0.05115942;-2.090978;8.480002
Reference_1;0.008680121;-2.167202;8.480002
Reference_1;0.08536892;-2.207112;8.480002
Reference_1;0.1169053;-2.236461;8.480002
Reference_1;0.1063076;-2.185947;8.480002
Reference_1;0.136059;-2.226532;8.480002
Reference_1;0.2705889;-2.412737;8.480002
Reference_1;0.3920808;-2.458546;8.480002
Reference_1;0.2102139;-2.443797;8.480002
Reference_1;0.1270186;-2.470397;8.480002
Reference_1;0.1683557;-2.384871;8.480002
Reference_1;0.1903264;-2.400627;8.480002
Reference_1;0.2451341;-2.359759;8.480002
Reference_1;-0.006499878;-2.475278;8.480002
Reference_1;-0.1817012;-2.68534;8.480002
Reference_1;-0.1965093;-2.821087;8.480002
Reference_1;-0.2055217;-2.863693;8.480002
Reference_1;-0.07215073;-2.719122;8.480002
Reference_1;0.01341788;-2.44442;8.480002
Reference_1;-0.03166301;-2.391064;8.480002
Reference_1;-0.007293457;-2.297759;8.480002
Reference_1;-0.01193863;-2.107417;8.480002
Reference_1;0.01586433;-2.220855;8.480002
Reference_1;0.08310247;-2.239887;8.480002
Reference_1;0.03426379;-2.069253;8.480002
Reference_1;-0.03676776;-1.928308;8.480002
Reference_1;-0.02439959;-1.94703;8.480002
Reference_1;-0.02822094;-2.094895;8.480002
Reference_1;0.001368119;-2.029877;8.480002
Reference_1;-0.1082673;-1.951997;8.480002
Reference_1;-0.2292916;-1.890776;8.480002
Reference_1;-0.2446682;-1.934814;8.480002
Reference_1;0.01159555;-2.157858;8.480002
Reference_1;0.1426955;-2.22436;8.480002
Reference_1;0.155989;-2.101328;8.480002
Reference_1;0.07946824;-2.024201;8.480002
Reference_1;-0.05011542;-2.054508;8.480002
Reference_1;-0.05030785;-2.222446;8.480002
Reference_1;0.05373191;-2.286682;8.480002
Reference_1;0.128078;-2.269;8.480002
Reference_1;0.004710276;-2.516714;8.480002
Reference_1;-0.05455969;-2.551829;8.480002
Reference_1;-0.07460975;-2.719604;8.480002
Reference_1;0.01586782;-2.79637;8.480002
Reference_1;-0.02484082;-2.749855;8.480002
Reference_1;-0.1056918;-2.813304;8.480002
Reference_1;-0.1061104;-2.850707;8.480002
Reference_1;-0.1281856;-2.67545;8.480002
Reference_1;-0.1327216;-2.708901;8.480002
Reference_1;-0.0299578;-2.801896;8.480002
Reference_1;0.03025263;-2.713567;8.480002
Reference_1;0.09116129;-2.744781;8.480002
Reference_1;0.2490247;-2.611055;8.480002
Reference_1;0.3793321;-2.553962;8.480002
Reference_1;0.306203;-2.555987;8.480002
Reference_1;0.2694702;-2.745198;8.480002
Reference_1;0.2508249;-2.7168;8.480002
Reference_1;0.1407888;-2.672113;8.480002
Reference_1;0.181909;-2.741449;8.480002
Reference_1;0.2402745;-2.710449;8.480002
Reference_1;-0.1520687;-3.118339;8.480002
Reference_1;-0.5635807;-3.424476;8.480002
Reference_1;-0.7721465;-3.276129;8.480002
Reference_1;-0.8419071;-3.22506;8.480002
Reference_1;-0.7851551;-3.178954;8.480002
Reference_1;-0.6451365;-2.977372;8.480002
Reference_1;-0.3828312;-2.76473;8.480002
Reference_1;-0.4376274;-2.669602;8.480002
Reference_1;-0.511448;-2.673597;8.480002
Reference_1;-0.3842526;-2.587477;8.480002
Reference_1;-0.2104019;-2.425272;8.480002
Reference_1;-0.08000784;-2.264829;8.480002
Reference_1;-0.1118583;-2.138645;8.480002
Reference_1;-0.2312975;-2.085852;8.480002
Reference_1;-0.3185982;-2.030737;8.480002
Reference_1;-0.1728874;-1.957617;8.480002
Reference_1;-0.06741768;-1.869774;8.480002
Reference_1;-0.07482374;-1.834758;8.480002
Reference_1;-0.190533;-1.90273;8.480002
Reference_1;-0.3806459;-2.03619;8.480002
Reference_1;-0.3999158;-2.025538;8.480002
Reference_1;-0.3143409;-1.960215;8.480002
Reference_1;-0.1933858;-1.933911;8.480002
Reference_1;-0.2457902;-1.856469;8.480002
Reference_1;-0.2254851;-1.952276;8.480002
Reference_1;-0.2734332;-2.225895;8.480002
Reference_1;-0.1196224;-2.449941;8.480002
Reference_1;-0.1566035;-2.45597;8.480002
Reference_1;-0.2450731;-2.513304;8.480002
Reference_1;-0.3295323;-2.490285;8.480002
Reference_1;-0.26622;-2.549322;8.480002
Reference_1;-0.1304726;-2.634027;8.480002
Reference_1;-0.01470537;-2.712216;8.480002
Reference_1;0.02948075;-2.659797;8.480002
Reference_1;0.072202;-2.58393;8.480002
Reference_1;0.1518703;-2.470694;8.480002
Reference_1;0.1227445;-2.477161;8.480002
Reference_1;0.06898515;-2.425684;8.480002
Reference_1;0.003297879;-2.24221;8.480002
Reference_1;-0.1984117;-2.020778;8.480002
Reference_1;-0.3197314;-2.026368;8.480002
Reference_1;-0.3873191;-2.044562;8.480002
Reference_1;-0.5220289;-1.968011;8.480002
Reference_1;-0.3457054;-2.085869;8.480002
Reference_1;-0.3867109;-2.124326;8.480002
Reference_1;-0.3783375;-2.093347;8.480002
Reference_1;-0.2430687;-2.202008;8.480002
Reference_1;-0.08288612;-2.217303;8.480002
Reference_1;-0.0347483;-2.262489;8.480002
Reference_1;-0.007353928;-2.311903;8.480002
Reference_1;-0.193347;-2.218469;8.480002
Reference_1;-0.2008678;-2.240963;8.480002
Reference_1;-0.04403299;-2.173708;8.480002
Reference_1;-0.1521647;-2.302936;8.480002
Reference_1;-0.3215329;-2.359432;8.480002
Reference_1;-0.5155122;-2.328961;8.480002
Reference_1;-0.2857973;-2.338567;8.480002
Reference_1;-0.1528894;-2.524059;8.480002
Reference_1;-0.1908326;-2.479415;8.480002
Reference_1;-0.3245498;-2.427443;8.480002
Reference_1;-0.3452051;-2.705134;8.480002
Reference_1;0.5716131;-3.367705;8.480002
Reference_1;0.8420113;-3.50629;8.480002
Reference_1;0.5063929;-2.726407;8.480002
Reference_1;-0.1858907;-2.418623;8.480002
Reference_1;-0.3021593;-2.519027;8.480002
Reference_1;-0.2035324;-2.426987;8.480002
Reference_1;-0.2693445;-2.411687;8.480002
Reference_1;-0.4287323;-2.261861;8.480002
Reference_1;-0.5753833;-2.248789;8.480002
Reference_1;-0.1938489;-3.462223;8.480002
Reference_1;0.08466363;-3.974886;8.480002
Reference_1;0.3305637;-1.196087;8.480002
Reference_1;0.01926427;-0.7956223;8.480002
Reference_1;-0.3011379;-1.145956;8.480002
Reference_1;-0.2965476;-1.548359;8.480002
Reference_1;-0.2935038;-1.548178;8.480002
Reference_1;-0.2535994;-1.592724;8.480002
Reference_1;-0.2066775;-1.712749;8.480002
Reference_1;-0.303697;-1.79895;8.480002
Reference_1;-0.3027794;-1.744953;8.480002
Reference_1;-0.285502;-1.925568;8.480002
Plane;-0.01951857;-2.205904E-07;-1.606206
Plane;-0.02787458;-2.205904E-07;-1.612211
Plane;-0.02543506;-2.205904E-07;-1.617939
Plane;-0.02384163;-2.205904E-07;-1.623879
Plane;-0.02352127;-2.205904E-07;-1.630784
Plane;-0.02584791;-2.205904E-07;-1.633008
Plane;-0.02461884;-2.205904E-07;-1.623793
Plane;-0.03146188;-2.205904E-07;-1.611466
Plane;-0.02980627;-2.205904E-07;-1.594146
QuickRigCharacter_Head;-0.1683652;0.08239154;-0.04719776
QuickRigCharacter_Head;-0.07003588;0.1070135;-0.05428652
QuickRigCharacter_Head;-0.06693756;0.1074712;-0.0533955
QuickRigCharacter_Head;-0.06560405;0.1096569;-0.04874568
QuickRigCharacter_Head;-0.05143426;0.1129032;-0.04067182
QuickRigCharacter_Head;-0.04037357;0.1149551;-0.03442117
QuickRigCharacter_Head;-0.04797249;0.1196463;-0.009224719
QuickRigCharacter_Head;-0.005376428;0.119952;0.003460427
QuickRigCharacter_Head;0.03890456;0.1170241;0.0116047
QuickRigCharacter_Head;0.03576064;0.117705;0.01085708
QuickRigCharacter_Head;0.03619891;0.1176737;0.01030194
QuickRigCharacter_Head;0.03407084;0.1182357;0.00749416
QuickRigCharacter_Head;0.03009316;0.1186876;0.009355999
QuickRigCharacter_Head;0.03244558;0.1182263;0.0108365
QuickRigCharacter_Head;0.08343387;0.09692982;0.01800436
QuickRigCharacter_Head;0.1006923;0.08133898;0.02112013
QuickRigCharacter_Head;0.1001641;0.08189641;0.02100787
QuickRigCharacter_Head;0.09033018;0.09160317;0.0183486
QuickRigCharacter_Head;0.08062;0.09993512;0.01041101
QuickRigCharacter_Head;0.0759837;0.1030922;0.00736043
QuickRigCharacter_Head;0.0750422;0.1037896;0.005090895
QuickRigCharacter_Spine2;-0.2800001;0.1215633;-0.006115566
QuickRigCharacter_Spine2;-0.2274463;0.1250001;-0.01304402
QuickRigCharacter_Spine2;-0.2276341;0.1250002;-0.01333447
QuickRigCharacter_Spine2;-0.2289956;0.125;-0.009490428
QuickRigCharacter_Spine2;-0.2274354;0.1250002;-0.009330611
QuickRigCharacter_Spine2;-0.2230802;0.1250001;-0.009467836
QuickRigCharacter_Spine2;-0.2254555;0.125;-0.01138114
QuickRigCharacter_Spine2;-0.2298508;0.1250002;-0.01105334
QuickRigCharacter_Spine2;-0.2355784;0.1250001;-0.00884395
QuickRigCharacter_Spine2;-0.2361903;0.125;-0.003564751
QuickRigCharacter_Spine2;-0.2342134;0.1250001;-0.006600872
QuickRigCharacter_Spine2;-0.1728775;0.1250002;-0.01375339
QuickRigCharacter_Spine2;-0.1195059;0.125;-0.01556644
QuickRigCharacter_Spine2;-0.1143268;0.1249999;-0.01386697
QuickRigCharacter_Spine2;-0.1127092;0.1250001;-0.01467031
QuickRigCharacter_Spine2;-0.1127249;0.1250001;-0.01897428
QuickRigCharacter_Spine2;-0.1102086;0.1250001;-0.0218429
QuickRigCharacter_Spine2;-0.1064996;0.125;-0.02133176
QuickRigCharacter_Spine2;-0.1107247;0.125;-0.01476816
QuickRigCharacter_Spine2;-0.1073455;0.125;-0.01318042
QuickRigCharacter_Spine2;-0.1071233;0.1250001;-0.01243345
QuickRigCharacter_Spine2;-0.1052728;0.125;-0.0119289
QuickRigCharacter_Spine2;-0.1070362;0.1250001;-0.009223918
QuickRigCharacter_Spine2;-0.1119665;0.125;-0.008339952
QuickRigCharacter_Spine2;-0.1155574;0.1250002;-0.007991595
QuickRigCharacter_Spine2;-0.1143795;0.1250001;-0.007440638
QuickRigCharacter_Spine2;-0.1131145;0.1249999;-0.007594651
QuickRigCharacter_Spine2;-0.1062018;0.1250001;-0.009975095
QuickRigCharacter_Spine2;-0.1022123;0.1250002;-0.01446135
QuickRigCharacter_Spine2;-0.1097636;0.1250001;-0.01201696
QuickRigCharacter_Spine2;-0.1090383;0.125;-0.009252208
QuickRigCharacter_Spine2;-0.05447317;0.1249999;-0.01510282
QuickRigCharacter_Spine2;-0.02076552;0.125;-0.01959182
QuickRigCharacter_Spine1;-0.122628;0.1250001;-0.02143658
QuickRigCharacter_Spine2;-0.02345677;0.1250001;-0.02317501
QuickRigCharacter_Spine2;-0.02262056;0.1249999;-0.02567541
QuickRigCharacter_Spine2;-0.02608743;0.1249998;-0.02737171
QuickRigCharacter_Spine2;-0.02755656;0.1250002;-0.02826006
QuickRigCharacter_Spine2;-0.02886422;0.125;-0.0291366
QuickRigCharacter_Spine2;-0.02877137;0.1250002;-0.02412702
QuickRigCharacter_Spine2;-0.03247439;0.125;-0.02309139
QuickRigCharacter_Spine2;-0.03323646;0.1250001;-0.02329751
QuickRigCharacter_Spine2;-0.02990171;0.1249999;-0.02295201
QuickRigCharacter_Spine2;-0.03019564;0.1249999;-0.01761563
QuickRigCharacter_Spine2;-0.02989904;0.1250001;-0.0181269
QuickRigCharacter_Spine2;-0.03017141;0.125;-0.01293059
QuickRigCharacter_Spine2;-0.1188114;0.125;0.08735544
QuickRigCharacter_Spine2;-0.1406977;0.1249999;0.09976749
QuickRigCharacter_Spine2;-0.1444813;0.1250001;0.09991299
QuickRigCharacter_Spine2;-0.1487041;0.1250002;0.09564804
QuickRigCharacter_Spine2;-0.1718381;0.1249998;0.08910405
QuickRigCharacter_Spine2;-0.2319946;0.125;0.08365259
QuickRigCharacter_Spine2;-0.2489266;0.1249999;0.08173086
QuickRigCharacter_Spine2;-0.2592431;0.125;0.08226299
QuickRigCharacter_Spine2;-0.2716264;0.125;0.07685216
QuickRigCharacter_Head;0.04300387;0.1108444;0.03646189
QuickRigCharacter_Head;-0.001200291;0.1200012;-0.00042434
QuickRigCharacter_Head;-0.005578038;0.1197916;-0.007181407
QuickRigCharacter_Head;-0.005395117;0.1196551;-0.009057119
QuickRigCharacter_Head;-0.004921458;0.1195475;-0.01047629
QuickRigCharacter_Head;-0.008813454;0.1190507;-0.01501242
QuickRigCharacter_Head;-0.006967605;0.1186717;-0.01778042
QuickRigCharacter_Head;-0.005797284;0.1190238;-0.01532585
QuickRigCharacter_Head;-0.002225485;0.1192248;-0.01359321
QuickRigCharacter_Head;-0.002299081;0.1194237;-0.01176752
QuickRigCharacter_Head;0.0001393033;0.1193629;-0.01236029
QuickRigCharacter_Head;-4.166732E-05;0.1195616;-0.01027842
QuickRigCharacter_Head;-0.001611682;0.1193915;-0.01211307
QuickRigCharacter_Head;-0.0003188453;0.1191218;-0.01453988
QuickRigCharacter_Head;0.02258506;0.1160582;-0.02957832
QuickRigCharacter_Head;0.05573456;0.107703;-0.03377892
QuickRigCharacter_Head;0.05667728;0.1080063;-0.03161582
QuickRigCharacter_Head;0.06357235;0.1032698;-0.037147
QuickRigCharacter_Head;0.06885568;0.09771561;-0.0441388
QuickRigCharacter_Head;0.05910699;0.1067349;-0.03261698
QuickRigCharacter_Head;0.0610906;0.1073598;-0.0274077
QuickRigCharacter_Head;0.06591309;0.106661;-0.0208386
QuickRigCharacter_Head;0.07487108;0.103164;-0.01320996
QuickRigCharacter_Head;0.07906687;0.09980994;-0.01834034
QuickRigCharacter_Spine2;-0.2800001;0.1198668;-0.04823357
QuickRigCharacter_Spine2;-0.2434293;0.1250001;-0.07225616
QuickRigCharacter_Spine2;-0.2426715;0.125;-0.07037842
QuickRigCharacter_Spine2;-0.2373695;0.125;-0.07000117
QuickRigCharacter_Spine2;-0.2300316;0.1250001;-0.06948967
QuickRigCharacter_Spine2;-0.2314805;0.1250001;-0.06770811
QuickRigCharacter_Spine2;-0.2390239;0.1250002;-0.06964091
QuickRigCharacter_Spine2;-0.2390107;0.125;-0.07086556
QuickRigCharacter_Spine2;-0.2384743;0.125;-0.07406288
QuickRigCharacter_Spine2;-0.2376257;0.1249999;-0.0782301
QuickRigCharacter_Spine2;-0.2343664;0.1250003;-0.08377177
QuickRigCharacter_Spine2;-0.2352681;0.125;-0.08092625
QuickRigCharacter_Spine2;-0.2331742;0.1250001;-0.07759324
QuickRigCharacter_Spine2;-0.2303032;0.125;-0.07463272
QuickRigCharacter_Spine2;-0.2328513;0.125;-0.07374259
QuickRigCharacter_Spine2;-0.2355791;0.125;-0.0688844
QuickRigCharacter_Spine2;-0.2299347;0.1250001;-0.07158666
QuickRigCharacter_Spine2;-0.2307286;0.1250001;-0.07586157
QuickRigCharacter_Spine2;-0.2642115;0.1250001;-0.06723146
Plane;0.1171989;-1.102952E-07;-0.8563073
Plane;0.106794;-1.102952E-07;-0.8664289
Plane;0.09900066;-1.102952E-07;-0.8731819
QuickRigCharacter_Head;0.08437001;0.0979258;-0.0006422246
QuickRigCharacter_Head;0.06421472;0.1077663;0.01914028
QuickRigCharacter_Head;0.0617718;0.1085213;0.02091071
QuickRigCharacter_Head;0.0595266;0.1096344;0.02003619
QuickRigCharacter_Head;0.05619895;0.1111069;0.01895409
QuickRigCharacter_Head;0.05067962;0.1134261;0.01620006
QuickRigCharacter_Head;0.04612388;0.1151184;0.01338931
QuickRigCharacter_Head;0.04431232;0.1151571;0.01670843
QuickRigCharacter_Head;0.04664571;0.1144359;0.01747729
QuickRigCharacter_Head;0.05767615;0.1116304;0.01086287
QuickRigCharacter_Head;0.04839393;0.1152367;-0.002934029
QuickRigCharacter_Head;0.06709778;0.1073335;-0.01294711
QuickRigCharacter_Head;0.0930863;0.08947057;-0.01727566
QuickRigCharacter_Head;0.09429057;0.08903994;-0.0136025
QuickRigCharacter_Head;0.08767761;0.09453203;-0.01340005
QuickRigCharacter_Head;0.08229129;0.09833914;-0.01421225
QuickRigCharacter_Head;0.09850713;0.08571809;-0.008947427
QuickRigCharacter_Spine2;-0.2621964;0.1249998;-0.03195522
QuickRigCharacter_Spine2;-0.2700543;0.1250001;-0.03618403
QuickRigCharacter_Spine2;-0.2800001;-0.06656565;-0.07150962
QuickRigCharacter_Spine2;-0.2555859;0.1249998;-0.04822742
QuickRigCharacter_Spine2;-0.2376557;0.1250001;-0.03990554
QuickRigCharacter_Spine2;-0.2180503;0.1250002;-0.03461564
QuickRigCharacter_Spine2;-0.21255;0.125;-0.03499249
QuickRigCharacter_Spine2;-0.2145919;0.1249998;-0.03461392
QuickRigCharacter_Spine2;-0.2102479;0.125;-0.03016175
QuickRigCharacter_Spine2;-0.204055;0.1250001;-0.02789983
QuickRigCharacter_Spine2;-0.1702821;0.1249999;-0.03942416
QuickRigCharacter_Spine1;-0.1147132;0.1250001;-0.07085691
QuickRigCharacter_Spine1;0.01287139;0.1250001;-0.06119066
QuickRigCharacter_Spine1;0.008671404;0.125;-0.05633128
QuickRigCharacter_Spine1;0.001121603;0.125;-0.06119725
QuickRigCharacter_Spine1;-0.007595094;0.125;-0.06842909
QuickRigCharacter_Spine1;-0.004242736;0.1250001;-0.07012411
QuickRigCharacter_Spine1;0.001651144;0.125;-0.07051659
QuickRigCharacter_Spine1;0.004185785;0.125;-0.07410434
QuickRigCharacter_Spine1;0.005812271;0.125;-0.0767018
QuickRigCharacter_Spine1;0.006452271;0.125;-0.07746854
QuickRigCharacter_Spine1;0.018441;0.125;-0.082651
Plane;0.2267679;2.75738E-08;0.2605814
QuickRigCharacter_RightUpLeg;0.2605659;0.08995458;-0.002919295
QuickRigCharacter_RightUpLeg;0.2581106;0.08953524;0.009170769
QuickRigCharacter_RightUpLeg;0.2539959;0.08960325;0.008463632
QuickRigCharacter_RightUpLeg;0.259089;0.08918205;0.01218161
QuickRigCharacter_RightUpLeg;0.2661511;0.08967046;0.007645972
QuickRigCharacter_RightUpLeg;0.2726764;0.08969132;0.007421592
QuickRigCharacter_RightUpLeg;0.2218912;0.08432259;0.03146334
QuickRigCharacter_RightUpLeg;0.1164687;0.00741266;0.08969063
QuickRigCharacter_RightUpLeg;0.1140965;0.01350578;0.0889812
QuickRigCharacter_RightUpLeg;0.1044496;0.03015173;0.08479688
QuickRigCharacter_RightUpLeg;0.08852373;0.05368232;0.07225641
QuickRigCharacter_RightUpLeg;0.06319955;0.05409596;0.07193575
Plane;-0.04594996;2.75738E-08;0.2506377
QuickRigCharacter_Spine1;0.07413369;0.125;0.04938943
QuickRigCharacter_Spine1;0.0883849;0.125;0.05079703
QuickRigCharacter_Spine1;0.09731234;0.1249999;0.04846689
QuickRigCharacter_Spine1;0.1090787;0.125;0.049182
QuickRigCharacter_Spine1;0.1146757;0.125;0.04987629
QuickRigCharacter_Spine1;0.1193976;0.125;0.0520037
Plane;-0.1132287;2.75738E-08;0.2413795
Plane;-0.1130691;2.75738E-08;0.2534294
Plane;-0.1138833;2.75738E-08;0.2547905
Plane;-0.1104118;2.75738E-08;0.265267
Plane;-0.1038555;2.75738E-08;0.2859912
Plane;-0.1038496;2.75738E-08;0.2941037
Plane;-0.112787;2.75738E-08;0.2950942
Plane;-0.117797;2.75738E-08;0.3071665
Plane;-0.1122299;2.75738E-08;0.3229786
Plane;-0.1001154;2.75738E-08;0.3295251
Plane;-0.09538531;2.75738E-08;0.3273689
Plane;-0.09913666;2.75738E-08;0.3045813
Plane;-0.1118159;2.75738E-08;0.290299
Plane;-0.1129591;2.75738E-08;0.2863511
Plane;-0.1042451;2.75738E-08;0.2962722
Plane;-0.09221328;2.75738E-08;0.2942252
Plane;-0.08807067;2.75738E-08;0.289353
QuickRigCharacter_Spine1;0.09123535;0.125;0.03164406
QuickRigCharacter_Spine1;0.0174473;0.1249999;0.01682008
QuickRigCharacter_Spine1;-0.03290385;0.1250001;0.02024198
QuickRigCharacter_Spine1;-0.03461725;0.125;0.02375024
QuickRigCharacter_Spine1;-0.0324463;0.125;0.02675471
QuickRigCharacter_Spine1;-0.03287093;0.1250001;0.03209772
QuickRigCharacter_Spine1;-0.03331103;0.1250001;0.0363496
QuickRigCharacter_Spine1;-0.02749169;0.125;0.03197789
QuickRigCharacter_Spine1;-0.03722495;0.1250001;-0.01031932
QuickRigCharacter_Spine1;-0.04873399;0.125;-0.02778786
QuickRigCharacter_Spine1;-0.09777256;0.125;-0.05375811
QuickRigCharacter_Spine2;-0.1199196;0.1250001;-0.06784375
QuickRigCharacter_Spine2;-0.09571893;0.1249999;-0.04281369
QuickRigCharacter_Spine2;-0.08072976;0.1249999;-0.04239717
QuickRigCharacter_Spine2;-0.07253731;0.125;-0.04272847
QuickRigCharacter_Spine2;-0.06797755;0.1250002;-0.037762
QuickRigCharacter_Spine2;-0.06458938;0.1249998;-0.03520477
QuickRigCharacter_Spine2;-0.06118928;0.1250002;-0.03105832
QuickRigCharacter_Spine2;-0.05653131;0.1250001;-0.03526075
QuickRigCharacter_Spine2;-0.04989656;0.1250001;-0.04009445
QuickRigCharacter_Spine2;-0.04061319;0.1249999;0.02576711
QuickRigCharacter_Spine2;-0.04508363;0.125;0.1533958
QuickRigCharacter_LeftArm;-0.1764382;0.06850767;0.01440416
QuickRigCharacter_LeftArm;-0.168062;0.06855111;0.01411837
QuickRigCharacter_LeftArm;-0.1656896;0.06864198;0.01375502
QuickRigCharacter_LeftArm;-0.1676745;0.06842746;0.01479992
QuickRigCharacter_LeftArm;-0.1702007;0.06787582;0.0171135
QuickRigCharacter_LeftArm;-0.1693461;0.06794256;0.01678648
QuickRigCharacter_LeftArm;-0.172236;0.06841363;0.01477933
QuickRigCharacter_Spine2;-0.1030119;0.1249999;0.000827455
QuickRigCharacter_Spine2;-0.1180226;0.1249999;-0.02573265
QuickRigCharacter_Spine2;-0.1186527;0.1249999;-0.0134392
QuickRigCharacter_Spine2;-0.1159807;0.1250002;-0.01508373
QuickRigCharacter_Spine2;-0.1062796;0.1249999;-0.01102286
QuickRigCharacter_Spine2;-0.09296027;0.1250001;-0.007916018
QuickRigCharacter_Spine2;-0.09547049;0.125;-0.01314788
QuickRigCharacter_Spine2;-0.1074764;0.1249999;-0.02452559
QuickRigCharacter_Spine2;-0.1081185;0.125;-0.02745658
QuickRigCharacter_Spine2;-0.1040016;0.1250002;-0.05547544
QuickRigCharacter_Spine2;-0.1389577;0.125;-0.1312364
QuickRigCharacter_Spine2;-0.1419407;0.1250001;-0.1338447
QuickRigCharacter_Spine2;-0.1384652;0.1250001;-0.1405196
QuickRigCharacter_Spine2;-0.1203412;0.1249998;-0.1531979
QuickRigCharacter_RightArm;0.1071712;-0.06157251;-0.03327506
QuickRigCharacter_RightArm;0.08375055;-0.0642789;-0.02771679
QuickRigCharacter_RightArm;0.07565165;-0.06408897;-0.02814981
QuickRigCharacter_RightArm;0.0824923;-0.06339818;-0.02966815
QuickRigCharacter_RightArm;0.086437;-0.06374496;-0.02889218
QuickRigCharacter_RightArm;0.07712946;-0.065999;-0.02330215
QuickRigCharacter_RightArm;0.07676646;-0.0679524;-0.01680247
QuickRigCharacter_RightArm;0.08192395;-0.06664703;-0.02135236
QuickRigCharacter_RightArm;0.08400595;-0.06522262;-0.02539176
QuickRigCharacter_Spine2;-0.147817;0.1249999;-0.1519198
QuickRigCharacter_Spine2;-0.1321354;0.125;-0.1472179
QuickRigCharacter_RightArm;0.09387097;-0.06983176;-0.004950648
QuickRigCharacter_RightArm;0.05888612;-0.06605805;0.0231643
QuickRigCharacter_RightArm;0.05063754;-0.06447427;0.02723672
QuickRigCharacter_RightArm;0.05219847;-0.06363762;0.0291387
QuickRigCharacter_RightArm;0.04564;-0.06218477;0.03213691
QuickRigCharacter_RightArm;0.04651891;-0.06160103;0.03322087
QuickRigCharacter_RightArm;0.05063229;-0.06353388;0.02935941
QuickRigCharacter_RightArm;0.04802838;-0.0654272;0.02491306
QuickRigCharacter_RightArm;0.06262951;-0.05803329;0.03916436
QuickRigCharacter_RightArm;0.07410692;-0.04470745;0.05386907
QuickRigCharacter_RightArm;0.08494765;-0.03603639;0.06001846
QuickRigCharacter_RightArm;0.08949668;-0.06957365;0.007708341
QuickRigCharacter_Spine2;-0.1430394;0.1249999;-0.1377298
QuickRigCharacter_Spine2;-0.1437269;0.125;-0.1177604
QuickRigCharacter_Spine2;-0.1424378;0.125;-0.1153014
QuickRigCharacter_Spine2;-0.148174;0.125;-0.1231762
QuickRigCharacter_Spine2;-0.1492218;0.125;-0.1325295
QuickRigCharacter_Spine2;-0.1470921;0.1249999;-0.1397154
QuickRigCharacter_Spine2;-0.1500484;0.125;-0.1422496
QuickRigCharacter_Spine2;-0.1556751;0.1250001;-0.1407267
QuickRigCharacter_Spine2;-0.1590014;0.1250002;-0.1356202
QuickRigCharacter_Spine2;-0.1553403;0.1249998;-0.1347676
QuickRigCharacter_Spine2;-0.1431285;0.1250003;-0.1325316
QuickRigCharacter_Spine2;-0.1434259;0.125;-0.1291569
QuickRigCharacter_Spine2;-0.1426946;0.1249999;-0.1263471
QuickRigCharacter_Spine2;-0.1377429;0.125;-0.1212274
QuickRigCharacter_Spine2;-0.1324127;0.1250002;-0.1207418
QuickRigCharacter_Spine2;-0.06242789;0.1249999;-0.08649208
QuickRigCharacter_Spine2;-0.06533811;0.1249999;-0.08292677
QuickRigCharacter_Spine2;-0.07176644;0.1249998;-0.07867294
QuickRigCharacter_Spine2;-0.07367094;0.125;-0.08208504
QuickRigCharacter_Spine2;-0.07436541;0.1250003;-0.08561962
QuickRigCharacter_Spine2;-0.07253383;0.125;-0.08952353
QuickRigCharacter_Spine2;-0.07851155;0.1250002;-0.09164421
QuickRigCharacter_Spine2;-0.08695488;0.1249999;-0.09010935
QuickRigCharacter_Spine2;-0.08847751;0.1250001;-0.08923756
QuickRigCharacter_Spine2;-0.09263862;0.1250003;-0.08291206
QuickRigCharacter_Spine2;-0.08975288;0.1250001;-0.08370671
QuickRigCharacter_Spine2;-0.0883735;0.1249999;-0.08650887
QuickRigCharacter_Spine2;-0.1038765;0.1250001;-0.1370065
QuickRigCharacter_RightArm;0.1047521;-0.06602499;-0.02323976
QuickRigCharacter_RightArm;0.1007086;-0.0677513;-0.01763168
QuickRigCharacter_RightArm;0.1003982;-0.06756005;-0.01834759
QuickRigCharacter_RightArm;0.1084953;-0.06625815;-0.02260559
QuickRigCharacter_Spine2;-0.0371292;0.1249999;-0.1414713
QuickRigCharacter_Spine1;0.102231;0.1250001;-0.07816729
Plane;0.1804186;2.75738E-08;0.2586582
Plane;0.1770346;2.75738E-08;0.2561243
QuickRigCharacter_Spine1;0.1222021;0.125;-0.08884285
QuickRigCharacter_Spine1;0.1219578;0.1250001;-0.09016585
QuickRigCharacter_Spine1;0.1188818;0.125;-0.08846617
QuickRigCharacter_Spine1;0.1206149;0.125;-0.08831311
QuickRigCharacter_Spine1;0.1231453;0.125;-0.0875243
QuickRigCharacter_Spine1;0.1201839;0.125;-0.08471546
QuickRigCharacter_Spine1;0.1025307;0.125;-0.05428319
QuickRigCharacter_Spine1;-0.05904469;0.125;0.08347315
QuickRigCharacter_Spine1;-0.1194097;0.1250001;0.1150298
QuickRigCharacter_Spine1;-0.09123402;0.125;0.1084338
QuickRigCharacter_Spine1;-0.07628627;0.125;0.1034091
QuickRigCharacter_Spine1;-0.07695038;0.125;0.1011675
QuickRigCharacter_Spine1;-0.07791632;0.125;0.09877101
QuickRigCharacter_Spine1;-0.08358514;0.125;0.100232
QuickRigCharacter_Spine1;-0.08458328;0.125;0.09395783
QuickRigCharacter_Spine1;-0.07841988;0.1250001;0.08439862
QuickRigCharacter_Spine1;-0.08039876;0.1250001;0.08262494
QuickRigCharacter_Spine1;-0.07804707;0.125;0.08070804
QuickRigCharacter_Spine1;-0.07203766;0.1250001;0.08231719
QuickRigCharacter_Spine1;-0.06832962;0.125;0.08061809
QuickRigCharacter_Spine1;-0.07103239;0.125;0.07709376
QuickRigCharacter_Spine1;-0.0695597;0.125;0.07308012
QuickRigCharacter_Spine1;-0.06550312;0.125;0.07092816
QuickRigCharacter_Spine1;-0.06671119;0.125;0.07732841
QuickRigCharacter_Spine1;-0.06958988;0.125;0.07839993
QuickRigCharacter_Spine1;-0.06706562;0.1250001;0.07401849
QuickRigCharacter_Spine1;0.06942625;0.1250001;-0.02411895
QuickRigCharacter_Spine1;0.1112433;0.125;-0.03472848
Plane;0.03576846;5.514759E-08;0.3723338
Plane;0.02845526;5.514759E-08;0.366621
Plane;0.02793235;5.514759E-08;0.3576203
Plane;0.01862741;5.514759E-08;0.362792
Plane;0.02364839;5.514759E-08;0.3660303
Plane;0.03125168;5.514759E-08;0.3838055
Plane;0.03746188;5.514759E-08;0.3833013
Plane;0.04400844;5.514759E-08;0.3910825
QuickRigCharacter_RightUpLeg;-0.02208798;0.01358125;0.06375235
QuickRigCharacter_RightUpLeg;-0.03090839;0.0258268;0.04906869
QuickRigCharacter_RightUpLeg;-0.03126228;0.02441221;0.04925347
QuickRigCharacter_RightUpLeg;-0.04706008;0.003677983;0.02260337
QuickRigCharacter_Spine1;-0.02070757;0.125;-0.1269753
QuickRigCharacter_Spine1;-0.1160012;0.125;-0.1261342
QuickRigCharacter_Spine1;-0.06746069;0.125;-0.1158413
QuickRigCharacter_Spine1;-0.06529713;0.125;-0.1050762
QuickRigCharacter_Spine1;-0.0595378;0.125;-0.103068
QuickRigCharacter_Spine1;-0.05476795;0.125;-0.1020128
QuickRigCharacter_Spine1;-0.04357043;0.125;-0.09714016
QuickRigCharacter_Spine1;-0.1189248;0.125;0.01047646
QuickRigCharacter_Spine2;-0.1292059;0.125;0.1192506
QuickRigCharacter_Spine2;-0.1616971;0.1250001;0.1338298
QuickRigCharacter_Spine2;-0.1664578;0.1250001;0.132683
QuickRigCharacter_Spine2;-0.1738961;0.125;0.132402
QuickRigCharacter_Spine2;-0.1830826;0.1250001;0.1388938
QuickRigCharacter_LeftArm;-0.02546847;0.06999514;-0.0009050395
QuickRigCharacter_LeftArm;-0.01202736;0.05809842;-0.03823824
QuickRigCharacter_LeftArm;-0.01886009;0.05450544;-0.04393563
QuickRigCharacter_LeftArm;-0.01447443;0.05397594;-0.04421838
QuickRigCharacter_LeftArm;-0.01074511;0.05175747;-0.04621924
QuickRigCharacter_LeftArm;-0.009413152;0.05063226;-0.04714531
QuickRigCharacter_LeftArm;-0.01229743;0.04923032;-0.0491666
QuickRigCharacter_LeftArm;-0.01607364;0.04736862;-0.05137815
QuickRigCharacter_LeftArm;-0.02074287;0.04502067;-0.05359751
QuickRigCharacter_LeftArm;-0.04082643;0.04672354;-0.05212574
QuickRigCharacter_LeftArm;-0.02662223;0.0363163;-0.0598252
QuickRigCharacter_LeftArm;-0.01868707;0.004095362;-0.06987175
Plane;-0.4763806;-1.102952E-07;-0.7326355
Plane;-0.4653179;-1.102952E-07;-0.7447422
QuickRigCharacter_LeftArm;-0.0101659;0.04333904;-0.05407746
QuickRigCharacter_LeftArm;-0.01335943;0.04704181;-0.05142109
QuickRigCharacter_LeftArm;-0.009776695;0.0506505;-0.04721986
QuickRigCharacter_LeftArm;-0.0009208225;0.05490005;-0.03903836
QuickRigCharacter_LeftArm;-0.0002708798;0.05801276;-0.03384943
QuickRigCharacter_LeftArm;-0.01496176;0.06202389;-0.03205445
QuickRigCharacter_LeftArm;-0.01762003;0.06038283;-0.03531163
QuickRigCharacter_LeftArm;-0.01553486;0.05982333;-0.03613278
QuickRigCharacter_LeftArm;-0.03115355;0.06199876;-0.03248477
QuickRigCharacter_LeftArm;-0.03319015;0.06161712;-0.03322849
QuickRigCharacter_LeftArm;-0.01756329;0.0595382;-0.03676761
QuickRigCharacter_LeftArm;-0.02620269;0.05914639;-0.03740892
QuickRigCharacter_LeftArm;-0.02564913;0.05963002;-0.03667169
QuickRigCharacter_LeftArm;-0.03031181;0.06239742;-0.03172234
QuickRigCharacter_LeftArm;-0.0515232;0.06300657;-0.03048913
QuickRigCharacter_LeftArm;-0.071936;0.06175125;-0.03296692
QuickRigCharacter_LeftArm;-0.08707073;0.06014623;-0.03578886
QuickRigCharacter_LeftArm;-0.07325685;0.05564277;-0.04246247
QuickRigCharacter_LeftArm;-0.04835975;0.05533373;-0.04284655
QuickRigCharacter_LeftArm;-0.02710976;0.05690407;-0.0407577
QuickRigCharacter_LeftArm;-0.01011763;0.06041732;-0.03396138
QuickRigCharacter_LeftArm;-0.00685079;0.06231466;-0.02905738
QuickRigCharacter_LeftArm;-0.02134597;0.06524194;-0.02535796
QuickRigCharacter_LeftArm;-0.01533746;0.0639185;-0.02814603
QuickRigCharacter_LeftArm;0.002565999;0.0540614;-0.03831777
QuickRigCharacter_LeftArm;-0.002389329;0.05596481;-0.03819216
QuickRigCharacter_LeftArm;-0.01397373;0.0603055;-0.0350505
QuickRigCharacter_LeftArm;-0.00560507;0.06285713;-0.02730829
QuickRigCharacter_LeftArm;0.02332411;0.0530254;-0.01465177
QuickRigCharacter_LeftArm;0.01807847;0.05690422;-0.01449637
QuickRigCharacter_LeftArm;0.008898781;0.06259599;-0.01218317
QuickRigCharacter_LeftArm;-0.007166233;0.06860432;-0.00576384
QuickRigCharacter_LeftArm;-0.01579069;0.06983024;0.002560415
QuickRigCharacter_LeftArm;-0.01786795;0.06980345;0.005065369
QuickRigCharacter_LeftArm;-0.02346924;0.06822387;-0.01569198
QuickRigCharacter_LeftArm;-0.007463156;0.05742627;-0.03800451
QuickRigCharacter_LeftArm;-0.01115364;0.04359191;-0.05406098
QuickRigCharacter_LeftArm;-0.0187405;0.04724278;-0.05161489
QuickRigCharacter_LeftArm;-0.01513802;0.05037863;-0.04838455
QuickRigCharacter_LeftArm;-0.001264681;0.05285325;-0.04192849
QuickRigCharacter_LeftArm;0.003596904;0.057028;-0.0330493
QuickRigCharacter_LeftArm;-0.001798574;0.06174021;-0.02750674
QuickRigCharacter_LeftArm;0.003108534;0.0610779;-0.02521335
QuickRigCharacter_LeftArm;0.008451768;0.06105597;-0.01910767
QuickRigCharacter_LeftArm;-0.007811318;0.06482693;-0.02338007
QuickRigCharacter_LeftArm;-0.01076895;0.06007556;-0.03471303
QuickRigCharacter_LeftArm;-0.0100451;0.05321576;-0.04436996
QuickRigCharacter_LeftArm;-0.008404217;0.0376645;-0.05787777
QuickRigCharacter_LeftArm;-0.01125872;0.04072154;-0.05624072
QuickRigCharacter_LeftArm;-0.01581229;0.05835788;-0.03846307
QuickRigCharacter_LeftArm;0.003673809;0.06077402;-0.02540331
QuickRigCharacter_LeftArm;0.001349239;0.05990739;-0.02923727
QuickRigCharacter_LeftArm;-0.009511254;0.05946986;-0.03541019
QuickRigCharacter_LeftArm;-0.01704021;0.06151777;-0.03324472
QuickRigCharacter_LeftArm;-0.02133559;0.05583151;-0.04223369
Plane;-0.4851185;-5.514759E-08;-0.6861663
Plane;-0.4946104;-5.514759E-08;-0.666816
QuickRigCharacter_LeftArm;-0.03523067;0.02422467;-0.06566834
QuickRigCharacter_LeftArm;-0.03755077;0.03510522;-0.06055989
QuickRigCharacter_LeftArm;-0.03062767;0.02826048;-0.06404202
QuickRigCharacter_LeftArm;-0.02476189;0.02505623;-0.06537218
QuickRigCharacter_LeftArm;-0.02474225;0.05913905;-0.03743239
QuickRigCharacter_LeftArm;-0.02566515;0.06196619;-0.03253828
QuickRigCharacter_LeftArm;-0.03174256;0.06137893;-0.03361795
QuickRigCharacter_LeftArm;-0.03279293;0.06187512;-0.03269229
QuickRigCharacter_LeftArm;-0.02330012;0.06329262;-0.02986325
QuickRigCharacter_LeftArm;-0.01149147;0.06001573;-0.03500502
QuickRigCharacter_LeftArm;0.00206839;0.05424012;-0.03834353
QuickRigCharacter_LeftArm;0.002709705;0.05434313;-0.03780985
QuickRigCharacter_LeftArm;0.001317529;0.05810944;-0.032656
QuickRigCharacter_LeftArm;-0.004748612;0.0585222;-0.03524484
QuickRigCharacter_LeftArm;-0.02846091;0.04085467;-0.05682092
QuickRigCharacter_LeftArm;-0.03296703;0.04459998;-0.05393668
QuickRigCharacter_LeftArm;-0.02877416;0.0462716;-0.05250245
QuickRigCharacter_LeftArm;-0.03235374;0.04135828;-0.05646952
QuickRigCharacter_LeftArm;-0.03756537;0.03159999;-0.06246163
QuickRigCharacter_LeftArm;-0.03895989;0.02352507;-0.06593185
QuickRigCharacter_LeftArm;-0.03494377;0.03404719;-0.06117446
QuickRigCharacter_LeftArm;-0.03719126;0.03888485;-0.05820095
QuickRigCharacter_LeftArm;-0.03810516;0.04534728;-0.0533138
QuickRigCharacter_LeftArm;-0.04072147;0.05123532;-0.04769503
QuickRigCharacter_LeftArm;-0.04188013;0.04993732;-0.04905344
QuickRigCharacter_LeftArm;-0.04582174;0.04786035;-0.05106952
QuickRigCharacter_LeftArm;-0.06109968;0.04813079;-0.05082072
QuickRigCharacter_LeftArm;-0.07324624;0.05080439;-0.04816422
QuickRigCharacter_LeftArm;-0.07080416;0.05107424;-0.04783624
QuickRigCharacter_LeftArm;-0.06599629;0.04834208;-0.05062753
QuickRigCharacter_LeftArm;-0.06183831;0.04715736;-0.05173172
QuickRigCharacter_LeftArm;-0.06147264;0.0495586;-0.04942431
QuickRigCharacter_LeftArm;-0.1955777;0.06866251;0.01365144
Plane;-0.3017087;2.75738E-08;0.3286151
QuickRigCharacter_LeftUpLeg;0.006749835;-0.07299609;0.02425919
QuickRigCharacter_LeftUpLeg;0.00280269;-0.07497077;0.02542412
QuickRigCharacter_LeftUpLeg;0.004788165;-0.07353918;0.02618945
QuickRigCharacter_LeftUpLeg;0.002063424;-0.07348663;0.03053154
QuickRigCharacter_LeftUpLeg;0.002837515;-0.07294065;0.03072551
QuickRigCharacter_LeftUpLeg;9.930227E-06;-0.07307181;0.03409285
QuickRigCharacter_LeftUpLeg;-0.003553354;-0.07538746;0.0329927
QuickRigCharacter_LeftUpLeg;-0.009031633;-0.07647777;0.03593222
QuickRigCharacter_LeftUpLeg;-0.04284858;-0.08547675;0.02817903
QuickRigCharacter_LeftUpLeg;-0.214756;-0.08962701;0.008241682
QuickRigCharacter_LeftUpLeg;-0.2305914;-0.08954734;0.009009165
QuickRigCharacter_LeftUpLeg;-0.2375255;-0.08948071;0.009628815
QuickRigCharacter_LeftUpLeg;-0.2413933;-0.08984885;0.005334278
QuickRigCharacter_LeftUpLeg;-0.2461513;-0.08983167;0.005726828
QuickRigCharacter_LeftUpLeg;-0.2492848;-0.08992454;0.003911091
QuickRigCharacter_LeftUpLeg;-0.2614215;-0.08985718;0.005087963
QuickRigCharacter_LeftLeg;-0.09724034;-0.05924076;-0.03729152
QuickRigCharacter_LeftLeg;-0.3140707;-0.06887689;-0.01249202
QuickRigCharacter_LeftLeg;-0.3770436;-0.06911235;-0.01113489
QuickRigCharacter_LeftLeg;-0.3767275;-0.06918825;-0.01069703
QuickRigCharacter_LeftLeg;-0.3787986;-0.06934144;-0.009579001
QuickRigCharacter_LeftLeg;-0.3790697;-0.06941747;-0.008801282
QuickRigCharacter_LeftLeg;-0.375409;-0.06906949;-0.01131726
QuickRigCharacter_LeftLeg;-0.3800094;-0.06910923;-0.01114902
QuickRigCharacter_LeftLeg;-0.3702841;-0.06113613;-0.03406708
QuickRigCharacter_LeftLeg;-0.2290253;-0.06202481;-0.03243277
QuickRigCharacter_LeftLeg;-0.1738821;-0.06497584;-0.02599763
QuickRigCharacter_LeftLeg;-0.170555;-0.06720808;-0.01955437
QuickRigCharacter_LeftLeg;-0.1663016;-0.06834882;-0.01510943
QuickRigCharacter_LeftUpLeg;-0.3348996;-0.08760742;-0.02056178
QuickRigCharacter_LeftUpLeg;-0.1910179;-0.0826939;-0.035545
QuickRigCharacter_LeftUpLeg;-0.187733;-0.08431476;-0.0314811
QuickRigCharacter_LeftUpLeg;-0.1935353;-0.08316601;-0.03439541
QuickRigCharacter_LeftUpLeg;-0.1739585;-0.08209847;-0.03689456
Plane;0.01381624;5.514759E-08;0.4226931
QuickRigCharacter_Spine1;0.09324268;0.125;-0.05515349
QuickRigCharacter_Spine1;0.09576954;0.1250001;-0.05153506
QuickRigCharacter_Spine1;0.09784731;0.125;-0.05151992
QuickRigCharacter_Spine1;0.09641938;0.125;-0.051899
QuickRigCharacter_Spine1;0.09726229;0.125;-0.05214932
QuickRigCharacter_Spine1;0.09958834;0.125;-0.05079726
QuickRigCharacter_Spine1;0.09939852;0.1249999;-0.05239823
QuickRigCharacter_Spine1;0.0975522;0.125;-0.05667795
QuickRigCharacter_Spine1;0.007641384;0.1250001;-0.1350815
QuickRigCharacter_RightArm;0.2846839;-0.05792562;-0.03904279
QuickRigCharacter_RightArm;0.2896308;-0.05830397;-0.03753357
QuickRigCharacter_RightArm;0.2901443;-0.06005243;-0.03449019
QuickRigCharacter_RightArm;0.2940814;-0.05881469;-0.03530332
QuickRigCharacter_RightArm;0.3005292;-0.05506619;-0.03805705
QuickRigCharacter_RightArm;0.2940394;-0.05481257;-0.04125969
QuickRigCharacter_RightArm;0.2710086;-0.05096933;-0.0479697
QuickRigCharacter_Spine2;-0.03765441;0.1250001;-0.1472702
QuickRigCharacter_Spine2;-0.03870884;0.1250001;-0.1502864
QuickRigCharacter_Spine2;-0.03701188;0.1250001;-0.1527263
QuickRigCharacter_Spine2;-0.03497412;0.1250001;-0.1544107
QuickRigCharacter_RightArm;0.2014067;-0.0510329;-0.04790275
QuickRigCharacter_RightArm;0.200376;-0.05052342;-0.04843831
QuickRigCharacter_RightArm;0.2373632;-0.05211658;-0.04672803
QuickRigCharacter_RightForeArm;0.3161238;-0.04540566;-0.02092177
QuickRigCharacter_RightForeArm;0.3318932;-0.04038806;-0.02945791
QuickRigCharacter_RightForeArm;0.3401285;-0.03420853;-0.03646818
QuickRigCharacter_RightForeArm;0.3455664;-0.03957964;-0.03054769
QuickRigCharacter_RightForeArm;0.3479422;-0.04313713;-0.02529377
QuickRigCharacter_RightForeArm;0.35161;-0.0454039;-0.02091971
QuickRigCharacter_RightForeArm;0.353964;-0.04464776;-0.02250145
QuickRigCharacter_RightForeArm;0.349759;-0.04284769;-0.02575234
QuickRigCharacter_RightForeArm;0.3463155;-0.04010639;-0.02984494
QuickRigCharacter_RightForeArm;0.3501862;-0.03602106;-0.03467327
QuickRigCharacter_RightForeArm;0.3534169;-0.03734464;-0.03322297
QuickRigCharacter_RightForeArm;0.3527148;-0.04112421;-0.02843259
QuickRigCharacter_RightForeArm;0.3537792;-0.04142542;-0.02799796
QuickRigCharacter_RightForeArm;0.3538655;-0.03627796;-0.03437556
QuickRigCharacter_RightForeArm;0.3511889;-0.02900669;-0.04072343
QuickRigCharacter_RightUpLeg;0.03981405;0.03251891;-0.08391669
QuickRigCharacter_RightUpLeg;0.030099;0.04519849;-0.07721243
Plane;-0.1452459;2.75738E-08;0.3193316
QuickRigCharacter_LeftForeArm;-0.191903;0.04132574;0.02815331
QuickRigCharacter_LeftForeArm;-0.1959899;0.04127339;0.02818802
QuickRigCharacter_LeftForeArm;-0.1910723;0.04012357;0.02987369
QuickRigCharacter_LeftForeArm;-0.1830812;0.03946877;0.03071502
QuickRigCharacter_LeftForeArm;-0.1857727;0.03733432;0.03326933
QuickRigCharacter_LeftForeArm;-0.1845325;0.03716939;0.03345381
QuickRigCharacter_LeftForeArm;-0.1822698;0.04032109;0.02955944
QuickRigCharacter_LeftForeArm;-0.1825829;0.04049959;0.02936303
QuickRigCharacter_LeftForeArm;-0.1636185;0.04404686;0.0236557
QuickRigCharacter_LeftArm;-0.2245044;0.06899305;0.0118116
QuickRigCharacter_LeftArm;-0.1767387;0.06960811;0.007211587
QuickRigCharacter_LeftArm;-0.1746718;0.06948498;0.008378704
QuickRigCharacter_Spine2;-0.08194645;0.1250001;0.1228335
QuickRigCharacter_Spine2;-0.1211672;0.1250002;0.05895483
QuickRigCharacter_Spine2;-0.1323964;0.125;0.06062012
QuickRigCharacter_Spine2;-0.1338769;0.1250003;0.06144684
QuickRigCharacter_Spine2;-0.1292858;0.125;0.05660093
QuickRigCharacter_Spine2;-0.129531;0.1250003;0.05298211
QuickRigCharacter_Spine2;-0.1327662;0.1250002;0.04764778
QuickRigCharacter_Spine2;-0.09057659;0.1249998;-0.08345728
QuickRigCharacter_Spine2;-0.09077869;0.125;-0.08544924
QuickRigCharacter_Spine2;-0.08933185;0.1250002;-0.07471152
QuickRigCharacter_Spine2;-0.08815151;0.1249999;-0.07270081
QuickRigCharacter_Spine2;-0.08461298;0.125;-0.07186904
QuickRigCharacter_Spine2;-0.08028574;0.1249999;-0.06889147
QuickRigCharacter_Spine2;-0.07618078;0.1249999;-0.06893189
QuickRigCharacter_Spine2;-0.07551537;0.125;-0.06630722
QuickRigCharacter_Spine2;-0.07071595;0.125;-0.07216029
QuickRigCharacter_Spine2;-0.06800066;0.1249999;-0.07479762
QuickRigCharacter_Spine2;-0.0648927;0.125;-0.0722738
QuickRigCharacter_Spine2;-0.0666526;0.1250001;-0.07050251
QuickRigCharacter_Spine2;-0.06983849;0.125;-0.06820517
QuickRigCharacter_Spine2;-0.1025643;0.125;-0.06043682
QuickRigCharacter_Spine2;-0.2329132;0.125;-0.02092553
QuickRigCharacter_Head;0.1058654;0.07836092;-0.002145527
QuickRigCharacter_Head;0.09986234;0.08483169;-0.002353841
QuickRigCharacter_Head;0.09983204;0.0848745;0.0007173934
QuickRigCharacter_Head;0.09771629;0.0869463;0.000366598
QuickRigCharacter_Head;0.03449573;0.1183077;0.005313541
QuickRigCharacter_Head;-0.04499326;0.1199279;0.004351657
QuickRigCharacter_Head;-0.05385985;0.119938;0.003754821
QuickRigCharacter_Head;-0.05701539;0.1197836;0.007195019
QuickRigCharacter_Head;-0.06134162;0.1195647;0.01021348
QuickRigCharacter_Head;-0.06855385;0.119232;0.01357293
QuickRigCharacter_Head;-0.0695257;0.1198694;0.005554373
QuickRigCharacter_Head;-0.07308219;0.119967;-0.002520008
QuickRigCharacter_Head;-0.03463805;0.1198639;0.005711372
QuickRigCharacter_Head;-0.005292868;0.11937;0.0123595
QuickRigCharacter_Head;0.00510032;0.1181282;0.02110546
QuickRigCharacter_Head;-0.0007802816;0.1176317;0.02371699
QuickRigCharacter_Head;0.009639;0.1191931;0.01388783
QuickRigCharacter_Head;0.01959421;0.1190391;0.01444748
QuickRigCharacter_Head;0.01384168;0.1193383;0.01265726
QuickRigCharacter_Head;9.935709E-05;0.119385;0.01207985
QuickRigCharacter_Head;-0.0106269;0.1198521;0.005982975
QuickRigCharacter_Head;-0.005726823;0.1199818;-0.001801094
QuickRigCharacter_Head;-0.006775959;0.1199445;-0.004111584
QuickRigCharacter_Head;-0.002070573;0.1199635;-0.002836232
QuickRigCharacter_Head;0.0124623;0.1199793;-0.00257851
QuickRigCharacter_Head;0.01611318;0.1200108;-0.0004655268
QuickRigCharacter_Head;0.007467653;0.1199748;0.002553416
QuickRigCharacter_Head;-0.02228641;0.1199562;0.003197824
QuickRigCharacter_Head;-0.03587907;0.1198814;0.005503754
QuickRigCharacter_Head;-0.03641566;0.119995;0.0007340455
QuickRigCharacter_Head;-0.03282734;0.1199897;-0.001717022
QuickRigCharacter_Head;-0.02613138;0.1199942;9.848169E-05
QuickRigCharacter_Head;-0.03165668;0.1200046;0.0003751066
QuickRigCharacter_Head;-0.03986491;0.1199994;-0.001022412
QuickRigCharacter_Head;-0.02805704;0.1199961;0.0006100083
QuickRigCharacter_Head;-0.005650092;0.1199889;0.001886292
QuickRigCharacter_Head;0.02946956;0.1186713;-0.01036705
QuickRigCharacter_Head;0.0837877;0.09828044;-0.003563624
QuickRigCharacter_Head;0.117446;0.06246031;0.001974238
QuickRigCharacter_Head;0.1139379;0.0659181;0.01630019
QuickRigCharacter_Head;0.05166009;0.1134263;0.01396995
QuickRigCharacter_Head;0.01525092;0.120009;-0.0006079818
QuickRigCharacter_Head;0.02967531;0.1190095;-0.004706759
QuickRigCharacter_Head;0.02035874;0.1192056;-0.01293191
QuickRigCharacter_Head;0.0006319518;0.118279;-0.02023693
QuickRigCharacter_Head;0.02225461;0.1180085;-0.02053669
QuickRigCharacter_Head;0.03585877;0.1162906;-0.02106345
QuickRigCharacter_Head;0.04236697;0.1135452;-0.02753529
Plane;0.1678398;-1.102952E-07;-0.8974459
QuickRigCharacter_Spine2;-0.2687516;0.1250002;-0.1079556
QuickRigCharacter_Spine2;-0.1728475;0.1250002;-0.1341628
QuickRigCharacter_Spine2;-0.1487023;0.1250002;-0.1316883
QuickRigCharacter_Spine2;-0.1506229;0.1250001;-0.1250307
QuickRigCharacter_Spine2;-0.1638756;0.125;-0.1258493
QuickRigCharacter_Spine2;-0.1475378;0.125;-0.1312352
QuickRigCharacter_Spine2;-0.1380674;0.125;-0.1354708
QuickRigCharacter_Spine2;-0.1410892;0.1249999;-0.1346199
QuickRigCharacter_Spine2;-0.1423106;0.1250003;-0.136151
QuickRigCharacter_Spine2;-0.1406761;0.125;-0.1305185
QuickRigCharacter_Spine2;-0.1417832;0.1250003;-0.1256426
QuickRigCharacter_Spine2;-0.1416973;0.125;-0.1209251
QuickRigCharacter_Spine2;-0.1426293;0.1249999;-0.1212016
QuickRigCharacter_Spine2;-0.1388604;0.1249999;-0.1209912
QuickRigCharacter_Spine2;-0.1466068;0.125;-0.1259272
QuickRigCharacter_Spine2;-0.1543566;0.125;-0.1258809
QuickRigCharacter_Spine2;-0.1511398;0.1249999;-0.1252668
QuickRigCharacter_Spine2;-0.1498392;0.125;-0.1277642
QuickRigCharacter_Spine2;-0.1757054;0.1249999;-0.1442556
QuickRigCharacter_Spine2;-0.202498;0.1250001;-0.1445573
QuickRigCharacter_Spine2;-0.2084844;0.125;-0.1423878
QuickRigCharacter_Spine2;-0.2077243;0.125;-0.1448131
QuickRigCharacter_RightArm;0.02467104;-0.05988516;-0.03623437
QuickRigCharacter_RightArm;0.02782737;-0.06382243;-0.02873054
QuickRigCharacter_RightArm;0.02211635;-0.06041414;-0.03536345
QuickRigCharacter_Spine2;-0.2132079;0.1250002;-0.1529813
QuickRigCharacter_Spine2;-0.2105416;0.1250001;-0.1477208
QuickRigCharacter_Spine2;-0.2120096;0.1250003;-0.145458
QuickRigCharacter_Spine2;-0.214288;0.1249999;-0.1471892
QuickRigCharacter_Spine2;-0.2140224;0.1249999;-0.1508475
QuickRigCharacter_Spine2;-0.2131511;0.1250001;-0.1539548
QuickRigCharacter_Spine2;-0.2123352;0.1250002;-0.1523212
QuickRigCharacter_RightArm;0.02038247;-0.05829253;-0.03876149
QuickRigCharacter_RightArm;0.01917939;-0.05935171;-0.03708959
QuickRigCharacter_RightArm;0.0172317;-0.06164479;-0.03309895
QuickRigCharacter_RightArm;0.01816687;-0.06307767;-0.03030331
QuickRigCharacter_RightArm;0.01949208;-0.06340406;-0.02961702
QuickRigCharacter_RightArm;0.06720656;-0.06988978;-0.003910944
QuickRigCharacter_RightArm;0.1819997;-0.06871584;0.0133774
QuickRigCharacter_RightArm;0.2334905;-0.06770743;-0.01772351
QuickRigCharacter_RightArm;0.2441108;-0.06663928;-0.02142357
QuickRigCharacter_RightArm;0.2456765;-0.06545322;-0.02479271
QuickRigCharacter_RightArm;0.2470818;-0.06599392;-0.02332543
QuickRigCharacter_RightArm;0.2465841;-0.06580517;-0.02386908
QuickRigCharacter_RightArm;0.2453586;-0.06581489;-0.02382119
QuickRigCharacter_RightArm;0.2474955;-0.06462905;-0.02684388
QuickRigCharacter_RightArm;0.2531695;-0.06458806;-0.02699725
QuickRigCharacter_RightArm;0.2568252;-0.06562776;-0.02434485
QuickRigCharacter_RightArm;0.262284;-0.0646096;-0.02689526
QuickRigCharacter_RightArm;0.2677568;-0.06278056;-0.03097582
QuickRigCharacter_RightArm;0.2731766;-0.05690078;-0.04076149
QuickRigCharacter_Spine1;0.006125427;0.125;-0.1131627
QuickRigCharacter_Spine1;0.110138;0.1250001;-0.01115837
Plane;-0.005359147;2.75738E-08;0.2560574
Plane;0.004998029;2.75738E-08;0.2677324
Plane;0.01868612;2.75738E-08;0.2654037
Plane;0.01610321;2.75738E-08;0.2646854
Plane;0.01679415;2.75738E-08;0.2639102
Plane;0.01657135;2.75738E-08;0.2649455
Plane;0.01591385;2.75738E-08;0.2929628
Plane;0.00722623;5.514759E-08;0.3526734
Plane;-0.05192968;1.102952E-07;0.767064
Plane;-0.04812818;1.102952E-07;0.8321168
Plane;-0.02173637;1.102952E-07;0.8347966
Plane;-0.01809138;1.102952E-07;0.8239821
Plane;-0.02252878;1.102952E-07;0.8115696
Plane;-0.02602705;1.102952E-07;0.8041176
Plane;-0.02218449;1.102952E-07;0.8122308
Plane;-0.03612244;1.102952E-07;0.7924353
QuickRigCharacter_LeftUpLeg;-0.09015442;-0.05402525;-0.07198194
QuickRigCharacter_LeftUpLeg;-0.08810054;-0.05594601;-0.07050986
QuickRigCharacter_LeftUpLeg;-0.08198508;-0.06432946;-0.06294554
QuickRigCharacter_LeftUpLeg;-0.06076482;-0.08996491;0.002709891
QuickRigCharacter_LeftForeArm;-0.3627912;0.04993673;0.002315257
QuickRigCharacter_LeftForeArm;-0.3488877;0.04794377;-0.01417343
QuickRigCharacter_LeftForeArm;-0.3516586;0.04448353;-0.02278453
QuickRigCharacter_LeftForeArm;-0.3510875;0.04083191;-0.02881694
QuickRigCharacter_LeftForeArm;-0.304847;0.04737024;-0.01596954
QuickRigCharacter_Spine2;-0.1829574;0.125;0.09236843
QuickRigCharacter_Head;0.05438817;0.1048216;0.04315377
QuickRigCharacter_Head;0.03094514;0.1146502;0.03164166
QuickRigCharacter_Head;0.01533184;0.115681;0.03192696
QuickRigCharacter_Head;0.007877494;0.1142656;0.03665205
QuickRigCharacter_Head;0.006866601;0.1135358;0.03889277
QuickRigCharacter_Head;0.006100548;0.1127571;0.04106684
QuickRigCharacter_Head;0.003596197;0.1121179;0.04279464
QuickRigCharacter_Head;0.05427988;0.1072232;0.03687713
QuickRigCharacter_Spine2;-0.1466559;0.125;-0.03705327
QuickRigCharacter_Spine2;-0.1058165;0.1250001;-0.0385147
QuickRigCharacter_Spine2;-0.1026165;0.1249999;-0.04349487
QuickRigCharacter_Spine2;-0.09958354;0.125;-0.04155966
QuickRigCharacter_Spine2;-0.09970655;0.125;-0.04184535
QuickRigCharacter_Spine2;-0.0997782;0.125;-0.04004099
QuickRigCharacter_Spine2;-0.0960143;0.1250003;-0.04007474
QuickRigCharacter_Spine2;-0.09775421;0.125;-0.03994103
QuickRigCharacter_Spine2;-0.09452721;0.125;-0.04296204
QuickRigCharacter_Spine2;-0.093376;0.125;-0.04518533
QuickRigCharacter_Spine2;-0.09304509;0.1249999;-0.04691656
QuickRigCharacter_Spine2;-0.09384491;0.1250001;-0.04783318
QuickRigCharacter_Spine2;-0.09125341;0.1249999;-0.04697948
QuickRigCharacter_Spine2;-0.08361038;0.1250001;-0.05071928
QuickRigCharacter_Spine2;-0.07886381;0.125;-0.05389056
QuickRigCharacter_Spine2;-0.0776168;0.125;-0.05440598
QuickRigCharacter_Spine2;-0.07391425;0.1249998;-0.0522509
QuickRigCharacter_Spine2;-0.07212342;0.1250002;-0.04936233
QuickRigCharacter_Spine2;-0.07305188;0.125;-0.04994703
QuickRigCharacter_Spine2;-0.07709415;0.1250001;-0.04838866
QuickRigCharacter_Spine2;-0.07855927;0.1249999;-0.04239868
QuickRigCharacter_Spine2;-0.0720428;0.1250001;-0.03713825
QuickRigCharacter_Spine2;-0.04063838;0.1250001;-0.0132671
QuickRigCharacter_Spine1;-0.07917737;0.1250001;0.05221584
QuickRigCharacter_Spine1;-0.07025064;0.125;0.06401584
QuickRigCharacter_Spine1;-0.07325634;0.125;0.06621072
QuickRigCharacter_Spine1;-0.08237254;0.125;0.06576321
QuickRigCharacter_Spine1;-0.08534116;0.1250001;0.0641553
QuickRigCharacter_Spine1;-0.0843121;0.125;0.05877768
QuickRigCharacter_Spine1;-0.08525836;0.1250001;0.05305181
QuickRigCharacter_Spine1;-0.08814663;0.1250001;0.05168229
QuickRigCharacter_Spine1;-0.08745231;0.125;0.05272371
QuickRigCharacter_Spine1;-0.08307283;0.1250001;0.05393476
QuickRigCharacter_Spine1;-0.07651284;0.125;0.05151622
QuickRigCharacter_Spine1;-0.0799215;0.125;0.04505109
QuickRigCharacter_Spine1;-0.1172576;0.125;0.006156188
QuickRigCharacter_Spine2;-0.03200888;0.1249998;-0.00231856
QuickRigCharacter_Spine2;-0.03401482;0.1250002;-0.0004978657
QuickRigCharacter_Spine2;-0.03422818;0.1250002;-0.003342015
QuickRigCharacter_Spine2;-0.03623838;0.1250002;-0.001157134
QuickRigCharacter_Spine2;-0.03880562;0.125;0.001813456
QuickRigCharacter_Spine2;-0.04114618;0.1250001;0.005265427
QuickRigCharacter_Spine2;-0.03672966;0.125;0.002491463
QuickRigCharacter_Spine2;-0.03652777;0.1250001;-0.0004619511
QuickRigCharacter_Spine2;-0.03771729;0.1249999;-0.001265122
QuickRigCharacter_Spine2;-0.03647921;0.1250001;0.0008831477
QuickRigCharacter_Spine2;-0.03811394;0.1250001;0.005288061
QuickRigCharacter_Spine2;-0.03548559;0.125;0.001634888
QuickRigCharacter_Spine2;-0.03133171;0.125;-0.001622736
QuickRigCharacter_Spine2;-0.02721336;0.1250003;-0.005510526
QuickRigCharacter_Spine2;-0.02691989;0.1250001;-0.00794032
QuickRigCharacter_Spine2;-0.02427047;0.1250001;-0.009145475
QuickRigCharacter_Spine2;-0.02217774;0.1250001;-0.01196903
QuickRigCharacter_Spine2;-0.02201274;0.125;-0.01218793
QuickRigCharacter_Spine2;-0.02665493;0.1250002;-0.01352642
QuickRigCharacter_Spine2;-0.03500364;0.1250002;-0.008256195
QuickRigCharacter_Spine2;-0.03891549;0.1250001;-0.01084626
QuickRigCharacter_Spine2;-0.05501953;0.1249999;-0.04082085
QuickRigCharacter_Spine2;-0.05929973;0.125;-0.05516136
QuickRigCharacter_Spine2;-0.06635894;0.1249999;-0.07936589
QuickRigCharacter_Spine2;-0.03171095;0.1250002;-0.1305049
QuickRigCharacter_Spine2;-0.06290402;0.1249999;-0.1529773
QuickRigCharacter_Spine2;-0.1261262;0.1249999;-0.1225086
QuickRigCharacter_Spine2;-0.1740617;0.1250002;-0.07741982
QuickRigCharacter_Spine2;-0.1799753;0.1249999;-0.05651801
QuickRigCharacter_Spine2;-0.1824662;0.1249999;-0.05429034
QuickRigCharacter_Spine2;-0.1778872;0.1250001;-0.05823622
QuickRigCharacter_Spine2;-0.1673076;0.1249998;-0.06092333
QuickRigCharacter_Spine2;-0.1655055;0.125;-0.06778102
QuickRigCharacter_Spine2;-0.1667993;0.125;-0.0688866
QuickRigCharacter_Spine2;-0.1689633;0.1249999;-0.06902363
QuickRigCharacter_Spine2;-0.1865244;0.125;-0.0572855
QuickRigCharacter_Head;0.1056085;0.07779063;-0.01184337
QuickRigCharacter_Head;0.1014192;0.08297914;-0.00684631
QuickRigCharacter_Head;0.09843022;0.08597631;-0.007257835
QuickRigCharacter_Head;0.09793256;0.08588734;-0.01226171
QuickRigCharacter_Head;0.09272937;0.09040637;-0.0136772
QuickRigCharacter_Head;0.08358001;0.097702;-0.01234012
QuickRigCharacter_Head;0.003599141;0.1199961;-0.0008638717
QuickRigCharacter_Head;-0.001940653;0.1199833;-0.00162696
QuickRigCharacter_Head;-0.003622845;0.1200056;0.0006680259
QuickRigCharacter_Head;-0.004440387;0.1199508;0.003581342
QuickRigCharacter_Head;-0.007466956;0.119817;0.006550515
QuickRigCharacter_Head;-0.01341443;0.1197007;0.00847128
QuickRigCharacter_Head;-0.01445226;0.1198593;0.006021889
QuickRigCharacter_Head;-0.01319112;0.1199076;-0.004737887
QuickRigCharacter_Head;-0.01578958;0.1197281;-0.008140147
QuickRigCharacter_Head;-0.01511896;0.1196164;-0.009671091
QuickRigCharacter_Head;-0.02471817;0.1197628;0.007670105
QuickRigCharacter_Head;-0.03217041;0.1195558;0.01028595
QuickRigCharacter_Head;-0.03542487;0.1194827;0.01116808
QuickRigCharacter_Head;-0.03664634;0.119082;0.01483701
QuickRigCharacter_Head;-0.03129065;0.1191434;0.01422987
QuickRigCharacter_Head;-0.02928365;0.1195535;0.01043056
QuickRigCharacter_Head;-0.0321377;0.119714;0.008322932
QuickRigCharacter_Head;-0.0338569;0.1192592;0.01333522
QuickRigCharacter_Head;-0.03573563;0.1187898;0.01697028
QuickRigCharacter_Head;-0.03420676;0.1181116;0.021196
QuickRigCharacter_Head;-0.0335829;0.1181318;0.02112572
QuickRigCharacter_Head;0.01910094;0.119839;-0.004614498
QuickRigCharacter_Spine2;-0.2732935;0.125;-0.04556803
QuickRigCharacter_Spine2;-0.2302715;0.1250002;-0.06884483
QuickRigCharacter_Spine2;-0.230255;0.1250001;-0.06849916
QuickRigCharacter_Spine2;-0.2327583;0.125;-0.07239223
QuickRigCharacter_Spine2;-0.2319656;0.125;-0.08140099
QuickRigCharacter_Spine2;-0.2321798;0.125;-0.0884044
QuickRigCharacter_Spine2;-0.2319354;0.125;-0.08522022
QuickRigCharacter_Spine2;-0.2284882;0.1249999;-0.08017056
QuickRigCharacter_Spine2;-0.2264035;0.125;-0.0792686
QuickRigCharacter_Spine2;-0.2217457;0.1250001;-0.08233288
QuickRigCharacter_Spine2;-0.2200511;0.125;-0.08159409
QuickRigCharacter_Spine2;-0.2185473;0.1249999;-0.07871958
QuickRigCharacter_Spine2;-0.2176033;0.1249999;-0.08274914
QuickRigCharacter_Spine2;-0.2182375;0.1249999;-0.08610899
QuickRigCharacter_Spine2;-0.2158467;0.1249999;-0.08459333
QuickRigCharacter_Spine2;-0.1829466;0.1249999;-0.04379512
QuickRigCharacter_Spine2;-0.1507815;0.1249998;-0.0163625
QuickRigCharacter_Spine2;-0.1436673;0.1249999;-0.01044386
QuickRigCharacter_Spine2;-0.1452428;0.1249999;-0.01029759
QuickRigCharacter_Spine2;-0.1447199;0.1250001;-0.01268036
QuickRigCharacter_Spine2;-0.1452663;0.125;-0.01215121
QuickRigCharacter_Spine2;-0.03948246;0.1250001;-0.05984808
QuickRigCharacter_Spine1;-0.0975145;0.1250001;-0.07527495
QuickRigCharacter_Spine1;-0.08959282;0.1250001;-0.07522856
QuickRigCharacter_Spine1;-0.08644348;0.125;-0.07764347
QuickRigCharacter_Spine1;-0.08674244;0.1250001;-0.07946436
QuickRigCharacter_Spine1;-0.08654183;0.1250001;-0.07812307
QuickRigCharacter_Spine1;-0.08777785;0.125;-0.0748845
QuickRigCharacter_Spine1;-0.0859568;0.125;-0.07375664
QuickRigCharacter_Spine1;-0.08176727;0.125;-0.0753165
QuickRigCharacter_Spine1;-0.08346783;0.125;-0.08069444
QuickRigCharacter_Spine1;-0.08308503;0.125;-0.08060032
QuickRigCharacter_Spine1;-0.0841518;0.1250001;-0.07536028
QuickRigCharacter_Spine1;-0.08664921;0.125;-0.05121456
QuickRigCharacter_Spine1;-0.09966756;0.1250001;0.002781375
QuickRigCharacter_Spine1;-0.107446;0.125;0.009834128
QuickRigCharacter_Spine1;-0.1103318;0.1250001;0.007809896
QuickRigCharacter_Spine1;-0.1084811;0.125;0.00467096
QuickRigCharacter_Spine1;-0.1105703;0.1250001;0.005697679
QuickRigCharacter_Spine1;-0.09521786;0.1250001;0.0108472
QuickRigCharacter_Spine1;-0.03784743;0.1250001;0.02118519
QuickRigCharacter_Spine1;-0.01664153;0.1250001;0.01455854
QuickRigCharacter_Spine1;-0.02742184;0.125;0.006965887
QuickRigCharacter_Spine1;-0.02925385;0.125;0.003824575
Reference_1;-0.3700986;-25.7695;8.480002
Reference_1;-0.5787889;-25.89552;8.480002
Reference_1;-0.5706205;-25.9421;8.480002
Reference_1;-0.4476484;-25.84959;8.480002
Reference_1;-0.3289119;-25.92739;8.480002
Reference_1;-0.2559579;-25.99317;8.480002
Reference_1;-1.079369;-18.0809;8.480002
Reference_1;-1.221979;-11.57715;8.480002
Reference_1;-1.111033;-10.98555;8.480002
Reference_1;-0.7291725;-10.77642;8.480002
Reference_1;-0.7619789;-10.69121;8.480002
Reference_1;-0.7830051;-10.40266;8.480002
Reference_1;-0.6257223;-5.074908;8.480002
Reference_1;-0.620339;-2.766604;8.480002
Reference_1;-0.5236794;-2.583237;8.480002
Reference_1;-0.4591506;-2.409735;8.480002
Reference_1;-0.4834225;-2.167052;8.480002
Reference_1;-0.4400025;-1.868716;8.480002
Reference_1;-0.4027083;-1.805117;8.480002
Reference_1;-0.3400116;-1.805994;8.480002
Reference_1;-0.6260691;-1.729133;8.480002
Reference_1;-0.8133264;-1.557729;8.480002
Reference_1;-0.910146;-1.378069;8.480002
Reference_1;-0.9534147;-1.047181;8.480002
Reference_1;-0.9112563;-0.7606835;8.480002
Reference_1;-0.8304726;-0.7062953;8.480002
Reference_1;-0.7361335;-0.3537475;8.480002
Reference_1;-0.8989915;-0.05898945;8.480002
Reference_1;-0.8795129;-0.05651256;8.480002
Reference_1;-0.8736501;-0.00430015;8.480002
Reference_1;-0.8872672;-0.01695119;8.480002
Reference_1;-0.8796589;-0.1383186;8.480002
Reference_1;-0.9484317;-0.1226016;8.480002
Reference_1;-0.9832526;-0.1019909;8.480002
Reference_1;-0.9339821;-0.1691679;8.480002
Reference_1;-0.5233581;-0.4691119;8.480002
Reference_1;-0.2583397;-0.5931197;8.480002
Reference_1;-0.1644874;-0.6305352;8.480002
Reference_1;-0.1732755;-0.6255342;8.480002
Reference_1;-0.3574146;-0.5275596;8.480002
Reference_1;-0.4755409;-0.4202493;8.480002
Reference_1;-0.5767734;-0.5978712;8.480002
Reference_1;-0.5982524;-0.4694258;8.480002
Reference_1;-0.5785729;-0.2688969;8.480002
Reference_1;-0.6534694;-0.2243259;8.480002
Reference_1;-0.7454709;-0.01416469;8.480002
Reference_1;-0.8711119;0.1738679;8.480002
Reference_1;-0.8327411;0.2350118;8.480002
Reference_1;-1.107966;0.1468673;8.480002
Reference_1;-1.176821;-0.06061491;8.480002
Reference_1;-1.339035;-0.1780606;8.480002
Reference_1;-1.164568;-0.1457063;8.480002
Reference_1;-1.384043;-0.01234143;8.480002
Reference_1;-1.572693;0.290015;8.480002
Reference_1;-1.470063;0.3994839;8.480002
Reference_1;-1.363094;0.5245494;8.480002
Reference_1;-1.13066;0.6697612;8.480002
Reference_1;-0.9980678;0.5586239;8.480002
Reference_1;-0.7815489;0.4228767;8.480002
Reference_1;-0.7917914;0.5738937;8.480002
Reference_1;-0.8272846;0.546979;8.480002
Reference_1;-0.8698073;0.6318167;8.480002
Reference_1;-0.8156682;0.5494989;8.480002
Reference_1;-0.7024989;0.3698043;8.480002
Reference_1;-0.5646753;-0.3782412;8.480002
Reference_1;-0.4843796;-0.5150031;8.480002
Reference_1;-0.6013262;-0.5839087;8.480002
Reference_1;-0.619145;-0.5303718;8.480002
Reference_1;-0.6579559;-0.4641151;8.480002
Reference_1;-0.5535148;-0.4031648;8.480002
Reference_1;-0.5668836;-0.3451429;8.480002
Reference_1;-0.7035551;-0.3833411;8.480002
Reference_1;-0.6854775;-0.416362;8.480002
Reference_1;-0.6106387;-0.3925693;8.480002
Reference_1;-0.4732375;-0.3006923;8.480002
Reference_1;-0.4195546;-0.5082261;8.480002
Reference_1;-0.3670565;-0.5701998;8.480002
Reference_1;-0.3185701;-0.7625498;8.480002
Reference_1;-0.3384973;-0.7864673;8.480002
Reference_1;-0.3107323;-0.7642785;8.480002
Reference_1;-0.3338421;-0.7356309;8.480002
Reference_1;-0.4047936;-0.7712448;8.480002
Reference_1;-0.4518059;-0.722752;8.480002
Reference_1;-0.4842702;-0.6601977;8.480002
Reference_1;-0.4077675;-0.475274;8.480002
Reference_1;-0.9546227;-0.8759233;8.480002
Reference_1;-1.402038;-1.207559;8.480002
Reference_1;-1.412281;-1.403939;8.480002
Reference_1;-1.396114;-1.447929;8.480002
Reference_1;-1.542408;-1.420787;8.480002
Reference_1;-1.298022;-1.136478;8.480002
Reference_1;-1.148803;-0.9384732;8.480002
Reference_1;-1.200395;-0.6286561;8.480002
Reference_1;-1.172012;-0.5534163;8.480002
Reference_1;-1.14658;-0.4112835;8.480002
Reference_1;-0.9843869;-0.530475;8.480002
Reference_1;-1.015659;-0.6555793;8.480002
Reference_1;-0.8751962;-0.6508448;8.480002
Reference_1;-0.7431722;-0.4182755;8.480002
Reference_1;-0.7088843;-0.3140055;8.480002
Reference_1;-0.6635768;-0.3603826;8.480002
Reference_1;-0.7110686;-0.2419221;8.480002
Reference_1;-0.7217532;-0.2510599;8.480002
Reference_1;-0.6666592;-0.1771962;8.480002
Reference_1;-0.5740665;-0.2155106;8.480002
Reference_1;-0.4737079;-0.3678649;8.480002
Reference_1;-0.4605765;-0.4025026;8.480002
Reference_1;-0.5407425;-0.3533992;8.480002
Reference_1;-0.5272184;-0.37195;8.480002
Reference_1;-0.5224149;-0.3654955;8.480002
Reference_1;-0.5664279;-0.2970973;8.480002
Reference_1;-0.5574653;-0.07541172;8.480002
Reference_1;-0.4726853;-0.1331756;8.480002
Reference_1;-0.4195726;-0.7249966;8.480002
Reference_1;-0.4090707;-0.8367747;8.480002
Reference_1;-0.4015888;-0.7190839;8.480002
Reference_1;-0.4182856;-0.7589162;8.480002
Reference_1;-0.51324;-0.8830142;8.480002
Reference_1;-0.4808046;-0.88602;8.480002
Reference_1;-0.3852755;-0.8207609;8.480002
Reference_1;-0.2934209;-0.812982;8.480002
Reference_1;-0.2270476;-0.6176434;8.480002
Reference_1;-0.2852604;-0.5471252;8.480002
Reference_1;-0.4176188;-0.7504922;8.480002
Reference_1;-0.4425391;-0.7484282;8.480002
Reference_1;-0.3918462;-0.7170112;8.480002
Reference_1;-0.7231879;-0.7715415;8.480002
Reference_1;-0.9939157;-0.7808986;8.480002
Reference_1;-1.120456;-0.6510469;8.480002
Reference_1;-1.26747;-0.5764006;8.480002
Reference_1;-1.317173;-0.6442269;8.480002
Reference_1;-1.368611;-0.6577079;8.480002
Reference_1;-1.285678;-0.7390022;8.480002
Reference_1;-1.265684;-0.7249966;8.480002
Reference_1;-1.078854;-0.7832121;8.480002
Reference_1;-1.004123;-0.882782;8.480002
Reference_1;-0.9181504;-0.7783787;8.480002
Reference_1;-0.8860118;-0.7182497;8.480002
Reference_1;-0.7587672;-0.9396601;8.480002
Reference_1;-0.7845392;-0.996035;8.480002
Reference_1;-0.821364;-0.9468585;8.480002
Reference_1;-0.7608274;-0.7414017;8.480002
Reference_1;-0.8416501;-0.8143538;8.480002
Reference_1;-0.7986544;-0.6891763;8.480002
Reference_1;-0.5437901;-0.289628;8.480002
Reference_1;-0.5120459;-0.2468372;8.480002
Reference_1;-0.4776209;-0.2644592;8.480002
Reference_1;-0.494823;-0.1619565;8.480002
Reference_1;-0.5476317;-0.1543582;8.480002
Reference_1;-0.5476424;0.0287981;8.480002
Reference_1;-0.4796956;0.2159965;8.480002
Reference_1;-0.3785947;0.2671253;8.480002
Reference_1;-0.3670983;0.1760008;8.480002
Reference_1;-0.3634482;0.3149602;8.480002
Reference_1;-0.3959605;0.3920274;8.480002
Reference_1;-0.3862185;0.2913867;8.480002
Reference_1;-0.3721993;0.2643689;8.480002
Reference_1;-0.3537596;0.2527714;8.480002
Reference_1;-0.4850207;0.1383702;8.480002
Reference_1;-0.4293801;0.1824467;8.480002
Reference_1;-0.460649;0.258869;8.480002
Reference_1;-0.432307;0.1597376;8.480002
Reference_1;-0.4293703;0.1211954;8.480002
Reference_1;-0.5117291;0.08116962;8.480002
Reference_1;-0.5327664;0.01959148;8.480002
Reference_1;-0.5669342;-0.1338249;8.480002
Reference_1;-0.4327751;-0.07339495;8.480002
Reference_1;-0.3633925;-0.01042356;8.480002
Reference_1;-0.4805938;-0.116147;8.480002
Reference_1;-0.5936756;-0.1399097;8.480002
Reference_1;-0.6628708;-0.05079767;8.480002
Reference_1;-0.5312942;-0.1706815;8.480002
Reference_1;-0.5179353;-0.163926;8.480002
Reference_1;-0.4917766;-0.1808944;8.480002
Reference_1;-0.4568812;-0.1877015;8.480002
Reference_1;-0.4205948;-0.1878649;8.480002
Reference_1;-0.2987245;-0.2843947;8.480002
Reference_1;-0.1375764;-0.2610449;8.480002
Reference_1;0.006283594;-0.2345216;8.480002
Reference_1;-0.1233831;-0.2205203;8.480002
Reference_1;-0.1436181;-0.2775274;8.480002
Reference_1;-0.3294307;-0.1036508;8.480002
Reference_1;-0.4635418;-0.1034272;8.480002
Reference_1;-0.5244429;-0.1189851;8.480002
Reference_1;-0.5158371;-0.1062782;8.480002
Reference_1;-0.5231514;-0.1806407;8.480002
Reference_1;-0.4975552;-0.1904321;8.480002
Reference_1;-0.5248853;-0.1548441;8.480002
Reference_1;-0.4883742;-0.1751193;8.480002
Reference_1;-0.4837982;-0.1681229;8.480002
Reference_1;-0.4806596;-0.1742249;8.480002
Reference_1;-0.3490157;-0.3908922;8.480002
Reference_1;-0.2152764;-0.5136486;8.480002
Reference_1;-0.243199;-0.5390109;8.480002
Reference_1;-0.273517;-0.5614834;8.480002
Reference_1;-0.3754721;-0.4371962;8.480002
Reference_1;-0.425896;-0.4103461;8.480002
Reference_1;-0.3325773;-0.3966888;8.480002
Reference_1;-0.2783836;-0.2422016;8.480002
Reference_1;-0.1574488;-0.237622;8.480002
Reference_1;-0.09765048;-0.3723285;8.480002
Reference_1;-0.1759113;-0.545504;8.480002
Reference_1;-0.3854384;-0.5843645;8.480002
Reference_1;-0.4297073;-0.5728573;8.480002
Reference_1;-0.3577057;-0.5646698;8.480002
Reference_1;-0.2673581;-0.5675208;8.480002
Reference_1;-0.3084086;-0.4327026;8.480002
Reference_1;-0.3545002;-0.4674779;8.480002
Reference_1;-0.2247173;-0.5077789;8.480002
Reference_1;-0.1803976;-0.6356782;8.480002
Reference_1;-0.2375333;-0.6716834;8.480002
Reference_1;-0.228709;-0.7150031;8.480002
Reference_1;-0.2529087;-0.7704449;8.480002
Reference_1;-0.3200414;-0.7856029;8.480002
Reference_1;-0.3091447;-0.8879938;8.480002
Reference_1;-0.3542505;-0.9838312;8.480002
Reference_1;-0.3832976;-1.021913;8.480002
Reference_1;-0.2841204;-1.27846;8.480002
Reference_1;-0.2481616;-1.261397;8.480002
Reference_1;-0.3457851;-1.287035;8.480002
Reference_1;-0.4794083;-1.331619;8.480002
Reference_1;-0.5529598;-1.360726;8.480002
Reference_1;-0.5850957;-1.361238;8.480002
Reference_1;-0.4089831;-1.467559;8.480002
Reference_1;-0.3577177;-1.586996;8.480002
Reference_1;-0.4272593;-1.508389;8.480002
Reference_1;-0.4411959;-1.582507;8.480002
Reference_1;-0.4613558;-1.504691;8.480002
Reference_1;-0.4366896;-1.473997;8.480002
Reference_1;-0.4377175;-1.524381;8.480002
Reference_1;-0.4858499;-1.419991;8.480002
Reference_1;-0.5517935;-1.403276;8.480002
Reference_1;-0.506424;-1.382137;8.480002
Reference_1;-0.4968923;-1.329675;8.480002
Reference_1;-0.4986914;-1.227121;8.480002
Reference_1;-0.4495979;-1.197071;8.480002
Reference_1;-0.4823289;-1.205005;8.480002
Reference_1;-0.452415;-1.180417;8.480002
Reference_1;-0.4886289;-1.134732;8.480002
Reference_1;-0.5181565;-1.116026;8.480002
Reference_1;-0.5186845;-1.116852;8.480002
Reference_1;-0.5617504;-1.160124;8.480002
Reference_1;-0.5115229;-1.092341;8.480002
Reference_1;-0.4180685;-1.106446;8.480002
Reference_1;-0.4689642;-1.107116;8.480002
Reference_1;-0.4483581;-1.029903;8.480002
Reference_1;-0.2923631;-1.044076;8.480002
Reference_1;-0.1205341;-1.312913;8.480002
Reference_1;-0.09214549;-2.52113;8.480002
Reference_1;-0.09753686;-2.586325;8.480002
Reference_1;-0.3788275;-1.247233;8.480002
Reference_1;-0.4905731;-1.047946;8.480002
Reference_1;-0.4844633;-1.028024;8.480002
Reference_1;-0.5670839;-1.083328;8.480002
Reference_1;-0.5092632;-0.9545816;8.480002
Reference_1;-0.5264468;-0.9275079;8.480002
Reference_1;-0.5931244;-0.8942462;8.480002
Reference_1;-0.6926158;-0.904859;8.480002
Reference_1;-0.690269;-0.9425799;8.480002
Reference_1;-0.5644147;-0.8635216;8.480002
Reference_1;-0.4848199;-0.7292107;8.480002
Reference_1;-0.6567467;-0.3879294;8.480002
Reference_1;-0.7321137;-0.2312964;8.480002
Reference_1;-0.6780308;-0.001668458;8.480002
Reference_1;-0.6981834;0.1330036;8.480002
Reference_1;-0.6701872;0.2187529;8.480002
Reference_1;-0.5883532;0.3989937;8.480002
Reference_1;-0.6927047;0.4415523;8.480002
Reference_1;-0.7896735;0.4054009;8.480002
Reference_1;-0.5927945;0.1680584;8.480002
Reference_1;-0.4333932;0.06395612;8.480002
Reference_1;-0.2796969;-0.1735626;8.480002
Reference_1;-0.03377512;-0.2520103;8.480002
Reference_1;0.06531511;-0.1767834;8.480002
Reference_1;0.07322335;-0.2091249;8.480002
Reference_1;-0.2940605;-0.1966802;8.480002
Reference_1;-0.4660044;-0.2544312;8.480002
Reference_1;-0.6288055;-0.3378068;8.480002
Reference_1;-0.6656533;-0.3182884;8.480002
Reference_1;-0.6471264;-0.2225671;8.480002
Reference_1;-1.098957;-0.133782;8.480002
Reference_1;-1.345445;-0.07310684;8.480002
Reference_1;-1.27649;-0.06801976;8.480002
Reference_1;-1.182258;-0.2843603;8.480002
Reference_1;-0.4676906;-0.8792043;8.480002
Reference_1;-0.3636204;-1.127538;8.480002
Reference_1;-0.2604548;-1.256818;8.480002
Reference_1;-0.3051016;-1.181543;8.480002
Reference_1;-0.3790193;-1.016577;8.480002
Reference_1;-0.5241092;-0.9869015;8.480002
Reference_1;-0.4697422;-0.943169;8.480002
Reference_1;-0.453625;-0.9854223;8.480002
Reference_1;-0.447524;-1.041703;8.480002
Reference_1;-0.3916229;-1.101457;8.480002
Reference_1;-0.4192763;-1.196615;8.480002
Reference_1;-0.4257312;-1.160365;8.480002
Reference_1;-0.3872732;-0.972367;8.480002
Reference_1;-0.2964101;-0.8472413;8.480002
Reference_1;-0.3607792;-0.7758071;8.480002
Reference_1;-0.4812785;-0.7494602;8.480002
Reference_1;-0.4665909;-0.8068414;8.480002
Reference_1;-0.4090526;-0.9909393;8.480002
Reference_1;-0.4268551;-1.015472;8.480002
Reference_1;-0.5301098;-0.8433797;8.480002
Reference_1;-0.5476835;-0.8703846;8.480002
Reference_1;-0.5162228;-0.8139194;8.480002
Reference_1;-0.5709772;-0.7980561;8.480002
Reference_1;-0.6287395;-0.8686603;8.480002
;
